,power_SO,power_SO_relative,power_delta,power_delta_relative,power_sigma,power_sigma_relative,maxi,idx_maxi,mini,idx_mini,slope_positive,second_maxi,idx_second_maxi,slope_negative,num_of_zc_min_max,num_of_zc_max_min,kurtosis,skewness,KC
0,16.838,0.047,208.257,0.585,21.876,0.061,28.45,222,-57.279,199,3.727,7.467,167,-2.023,1,1,0.88,-0.957,yes
1,12.37,0.042,219.871,0.75,19.369,0.066,43.573,249,-44.359,199,1.759,9.632,166,-1.636,1,1,2.559,-0.581,yes
2,22.325,0.045,350.527,0.701,16.623,0.033,40.637,220,-51.521,199,4.388,18.047,149,-1.391,1,1,0.593,-0.569,yes
3,66.455,0.116,267.932,0.469,13.428,0.024,50.689,229,-38.597,199,2.976,33.281,177,-3.267,1,1,-0.018,0.333,yes
4,6.25,0.009,526.267,0.786,37.559,0.056,44.623,224,-78.589,199,4.928,21.303,159,-2.497,1,1,2.115,-0.747,yes
5,82.706,0.162,311.381,0.61,25.532,0.05,10.995,249,-45.471,199,1.129,24.269,181,-3.874,1,1,-0.496,-0.195,yes
6,314.73,0.24,844.681,0.643,10.183,0.008,33.734,249,-78.254,199,2.24,28.201,150,-2.173,3,1,1.822,-0.953,yes
7,333.434,0.31,570.677,0.531,5.199,0.005,25.709,230,-69.068,199,3.057,-4.357,174,-2.588,1,0,1.622,-1.028,yes
8,120.728,0.187,324.693,0.502,19.869,0.031,58.647,219,-47.018,199,5.283,16.546,178,-3.027,1,1,0.501,0.369,yes
9,259.445,0.189,918.526,0.67,44.315,0.032,7.849,230,-65.584,199,2.369,45.857,159,-2.786,1,1,-0.141,-0.279,yes
10,18.294,0.057,179.025,0.554,16.644,0.052,22.612,231,-53.335,199,2.373,13.995,156,-1.566,1,3,1.656,-0.195,yes
11,658.308,0.378,816.156,0.468,25.334,0.015,36.359,246,-71.882,199,2.303,-0.413,154,-1.588,1,0,-0.48,-0.45,yes
12,992.869,0.323,1382.566,0.45,14.246,0.005,3.828,245,-101.681,199,2.294,11.475,149,-2.263,1,3,0.694,-1.172,yes
13,414.37,0.25,864.899,0.522,32.804,0.02,-19.802,249,-71.294,199,1.03,29.001,186,-7.715,0,1,0.54,-0.77,yes
14,1900.986,0.39,2098.376,0.43,62.315,0.013,16.612,246,-135.483,199,3.236,-26.819,156,-2.527,1,0,-0.24,-0.75,yes
15,99.713,0.149,344.981,0.517,32.315,0.048,46.541,248,-41.429,199,1.795,28.608,160,-1.796,1,3,-0.063,0.517,yes
16,2170.987,0.399,1958.335,0.36,16.673,0.003,-8.414,249,-149.419,199,2.82,-27.565,160,-3.124,0,0,-0.314,-0.367,yes
17,2493.469,0.349,2058.939,0.288,15.889,0.002,-75.078,222,-134.552,199,2.586,18.073,156,-3.549,0,1,-1.223,0.134,yes
18,821.056,0.273,1844.05,0.613,10.859,0.004,110.756,246,-49.947,199,3.419,42.02,158,-2.243,1,1,-0.133,0.168,yes
19,100.252,0.127,634.278,0.805,4.168,0.005,40.166,241,-72.402,199,2.68,-0.3,163,-2.003,1,0,0.809,-0.531,yes
20,316.237,0.283,419.142,0.375,89.359,0.08,18.411,249,-94.595,199,2.26,-9.759,173,-3.263,1,0,0.932,-0.67,yes
21,228.424,0.209,744.502,0.68,15.092,0.014,53.535,243,-75.479,199,2.932,-2.879,149,-1.452,1,0,0.999,-0.653,yes
22,1745.461,0.345,2503.793,0.495,25.278,0.005,76.362,242,-122.825,199,4.632,-9.827,149,-2.26,1,0,0.239,-0.828,yes
23,3144.755,0.399,2528.126,0.321,50.74,0.006,-33.816,249,-177.718,199,2.878,-21.533,168,-5.038,0,0,0.011,-0.62,yes
24,149.516,0.182,593.667,0.722,10.146,0.012,20.042,249,-66.59,199,1.733,6.761,149,-1.467,1,3,0.785,-0.422,yes
25,205.954,0.245,485.369,0.577,23.172,0.028,54.994,249,-48.748,199,2.075,7.348,167,-1.753,1,3,0.361,0.987,yes
26,933.539,0.34,1199.056,0.437,36.065,0.013,-13.975,239,-114.177,199,2.505,2.29,170,-4.016,0,1,0.839,-1.071,yes
27,2197.042,0.35,2586.757,0.412,23.833,0.004,4.805,248,-170.882,199,3.585,-10.324,167,-5.017,1,0,1.366,-1.362,yes
28,946.942,0.289,2101.819,0.643,27.915,0.009,25.843,240,-117.492,199,3.496,-7.452,173,-4.232,1,0,-0.397,-0.106,yes
29,140.909,0.223,380.655,0.603,11.684,0.019,40.302,235,-54.759,199,2.641,10.658,152,-1.392,1,1,0.869,-0.908,yes
30,1004.371,0.314,1422.691,0.445,15.433,0.005,-13.003,234,-106.213,199,2.663,20.537,178,-6.036,0,1,0.102,-0.428,yes
31,1038.918,0.391,1137.931,0.428,33.123,0.012,38.365,249,-107.674,199,2.921,-42.784,168,-2.093,3,0,-0.823,0.012,yes
32,784.555,0.275,1477.451,0.518,27.878,0.01,10.814,249,-118.869,199,2.594,14.667,154,-2.967,1,1,-0.546,-0.337,yes
33,54.726,0.056,742.672,0.755,21.686,0.022,29.827,245,-69.239,199,2.154,-1.849,154,-1.498,1,0,-0.173,0.134,yes
34,2648.201,0.296,5069.135,0.567,101.791,0.011,15.619,249,-185.881,199,4.03,66.023,149,-5.038,1,1,0.538,-1.132,yes
35,21.606,0.042,395.001,0.761,25.31,0.049,32.62,246,-60.791,199,1.987,18.012,159,-1.97,1,3,0.071,-0.378,yes
36,7500.389,0.425,6204.334,0.352,44.397,0.003,75.1,247,-204.408,199,5.823,-71.182,178,-6.344,1,0,-0.841,-0.284,yes
37,5078.626,0.37,5125.06,0.373,131.672,0.01,-61.208,249,-253.841,199,3.853,56.986,149,-6.217,0,1,0.595,-0.91,yes
38,7309.112,0.375,7751.922,0.398,70.11,0.004,100.529,249,-234.949,199,6.71,-18.329,149,-4.332,1,0,1.132,-1.407,yes
39,2492.946,0.341,3242.183,0.444,60.14,0.008,39.834,249,-194.879,199,4.694,-7.611,158,-4.568,1,0,1.723,-1.306,yes
40,4631.86,0.356,5058.839,0.389,122.543,0.009,-54.033,239,-234.366,191,3.757,6.048,150,-5.864,0,1,-0.059,-0.595,yes
41,2089.885,0.274,4201.863,0.552,167.456,0.022,-17.017,228,-195.644,199,6.16,58.738,160,-6.523,0,1,1.948,-1.2,yes
42,7776.176,0.319,11360.571,0.466,242.344,0.01,7.915,249,-356.147,199,7.281,52.03,156,-9.492,0,1,2.101,-1.404,yes
43,872.304,0.248,1997.244,0.568,144.355,0.041,40.646,233,-135.87,199,5.192,10.566,151,-3.051,1,3,-0.364,-0.111,yes
44,2007.041,0.363,2266.433,0.41,77.565,0.014,85.09,249,-125.857,199,4.219,38.581,157,-3.915,1,1,-0.503,-0.578,yes
45,4842.738,0.311,9020.624,0.58,70.212,0.005,15.34,249,-265.395,199,5.615,3.528,157,-6.403,1,1,0.748,-1.111,yes
46,5682.335,0.366,6822.377,0.44,52.411,0.003,12.577,249,-264.156,199,5.535,-19.86,156,-5.681,1,0,0.759,-0.897,yes
47,4365.682,0.33,6694.084,0.505,58.949,0.004,88.605,249,-228.573,199,6.344,-21.583,175,-8.625,1,0,-0.221,-0.127,yes
48,1071.0,0.232,2592.116,0.561,184.116,0.04,78.376,249,-134.96,199,4.267,78.901,149,-4.277,1,1,0.518,-0.685,yes
49,753.939,0.196,2577.227,0.671,70.357,0.018,20.914,249,-141.983,199,3.258,16.985,149,-3.179,1,5,1.088,-1.042,yes
50,1581.501,0.335,1952.45,0.413,68.74,0.015,-62.196,231,-141.164,199,2.468,30.15,158,-4.178,0,1,-0.25,-0.33,yes
51,76.641,0.066,887.14,0.762,15.951,0.014,59.154,223,-82.066,199,5.884,25.446,171,-3.84,1,1,2.793,-0.999,yes
52,48.661,0.028,1061.552,0.602,62.452,0.035,70.591,223,-108.399,199,7.458,33.646,178,-6.764,1,1,0.461,-0.372,yes
53,26.851,0.059,292.887,0.639,19.112,0.042,49.456,239,-46.556,199,2.4,25.444,160,-1.846,1,1,0.263,-0.069,yes
54,39.305,0.044,682.764,0.756,39.151,0.043,65.456,229,-67.054,199,4.417,-2.719,168,-2.075,1,0,0.077,-0.099,yes
55,5.171,0.014,197.055,0.538,9.906,0.027,40.283,222,-42.668,199,3.607,19.512,178,-2.961,1,1,0.867,-0.555,yes
56,1914.043,0.286,3372.423,0.504,181.859,0.027,48.773,246,-196.306,199,5.214,-0.1,149,-3.924,1,0,2.599,-1.573,yes
57,16.178,0.063,120.739,0.469,13.787,0.054,14.67,226,-40.75,199,2.053,2.088,182,-2.52,1,1,-0.199,-0.454,yes
58,343.655,0.221,1011.9,0.65,32.119,0.021,37.04,249,-78.284,199,2.306,20.278,159,-2.464,1,1,0.172,-0.865,yes
59,1975.847,0.348,2725.141,0.48,71.164,0.013,18.948,247,-153.846,199,3.6,2.342,160,-4.005,1,1,0.241,-0.699,yes
60,3809.073,0.294,6350.015,0.49,91.638,0.007,-118.922,249,-235.005,199,2.322,41.237,181,-15.347,0,1,-0.181,-0.516,yes
61,79.789,0.166,333.281,0.692,27.436,0.057,32.774,248,-46.931,199,1.627,4.381,169,-1.71,1,1,-0.314,-0.179,yes
62,146.899,0.139,781.559,0.738,25.309,0.024,56.955,249,-62.401,199,2.387,29.871,163,-2.563,1,1,0.527,-0.167,yes
63,7950.52,0.376,8339.828,0.394,70.901,0.003,-76.522,249,-257.929,199,3.628,51.025,149,-6.179,0,1,-0.219,-0.653,yes
64,257.036,0.225,689.321,0.604,20.321,0.018,11.793,247,-72.005,199,1.746,8.568,154,-1.791,1,1,0.054,-0.363,yes
65,1652.703,0.344,1535.783,0.319,91.727,0.019,-41.419,249,-158.373,199,2.339,0.085,166,-4.802,0,1,0.018,-0.721,yes
66,725.094,0.326,1025.549,0.46,6.818,0.003,7.572,246,-106.503,199,2.427,-7.916,149,-1.972,1,0,1.651,-0.957,yes
67,7877.768,0.412,4568.392,0.239,46.048,0.002,-141.693,249,-298.172,199,3.13,-3.434,149,-5.895,0,0,-0.53,-0.269,yes
68,1202.101,0.25,2740.308,0.571,51.664,0.011,-16.726,249,-169.214,199,3.05,19.183,162,-5.092,0,1,1.927,-1.293,yes
69,1133.059,0.392,1059.923,0.367,10.674,0.004,35.995,249,-102.438,199,2.769,-23.021,153,-1.726,1,0,-0.12,-0.746,yes
70,1954.799,0.262,3705.789,0.496,43.042,0.006,-44.583,249,-174.284,199,2.594,30.436,172,-7.582,0,1,0.4,-1.091,yes
71,563.983,0.173,2163.763,0.665,20.199,0.006,26.944,249,-139.576,199,3.33,32.344,179,-8.596,1,1,1.238,-0.924,yes
72,1047.466,0.342,1174.699,0.384,44.449,0.015,12.744,249,-122.329,199,2.701,10.09,152,-2.817,1,1,0.234,-0.722,yes
73,289.565,0.114,2079.387,0.817,7.053,0.003,40.542,249,-85.022,199,2.511,42.312,149,-2.547,1,1,0.22,-0.892,yes
74,1881.949,0.287,3302.314,0.503,39.997,0.006,-4.612,249,-163.377,199,3.175,8.662,157,-4.096,0,1,1.003,-1.031,yes
75,882.255,0.315,1514.595,0.54,21.318,0.008,108.894,242,-80.397,199,4.402,6.553,157,-2.07,1,1,0.1,0.364,yes
76,845.13,0.245,1965.998,0.57,15.417,0.004,11.602,246,-142.989,199,3.289,20.677,158,-3.992,1,1,0.703,-0.802,yes
77,411.646,0.234,932.633,0.529,38.419,0.022,36.67,245,-89.801,199,2.749,10.168,159,-2.499,3,1,-0.748,-0.417,yes
78,1527.543,0.251,3772.657,0.62,22.642,0.004,-1.922,228,-192.799,199,6.582,23.917,149,-4.334,0,1,2.573,-1.168,yes
79,147.661,0.078,1213.592,0.643,31.752,0.017,55.834,249,-100.679,199,3.13,54.393,160,-3.976,1,1,-0.602,-0.389,yes
80,171.16,0.115,1126.763,0.757,36.69,0.025,49.207,240,-84.288,199,3.256,30.023,165,-3.362,1,1,-0.036,-0.638,yes
81,200.997,0.241,431.271,0.516,8.011,0.01,32.747,242,-54.631,199,2.032,37.996,173,-3.563,1,1,-0.579,0.207,yes
82,68.987,0.156,277.048,0.626,15.422,0.035,24.266,249,-34.348,199,1.172,19.907,189,-5.425,1,1,0.007,0.398,yes
83,486.971,0.321,650.443,0.429,40.451,0.027,-33.336,249,-77.221,199,0.878,40.781,164,-3.371,0,1,-0.199,-0.017,yes
84,1443.173,0.407,1181.176,0.333,30.161,0.009,-7.156,249,-133.439,199,2.526,-47.482,149,-1.719,0,0,-0.103,-0.706,yes
85,97.893,0.112,621.042,0.712,49.29,0.057,49.884,249,-47.074,199,1.939,31.756,171,-2.815,1,1,1.487,-0.919,yes
86,159.202,0.247,241.081,0.374,31.71,0.049,13.4,245,-70.414,199,1.822,-5.03,187,-5.449,3,0,0.054,-0.717,yes
87,1054.271,0.321,1571.484,0.478,39.749,0.012,55.337,248,-85.405,199,2.872,14.35,171,-3.563,1,1,-0.776,0.438,yes
88,92.35,0.144,296.533,0.463,48.714,0.076,24.16,236,-61.953,199,2.327,5.279,170,-2.318,1,1,-0.724,0.291,yes
89,1777.674,0.405,1729.192,0.394,13.067,0.003,16.433,249,-109.016,199,2.509,-4.716,176,-4.535,1,0,-0.139,0.476,yes
90,907.191,0.298,1487.28,0.488,40.927,0.013,15.446,248,-115.154,199,2.665,20.883,179,-6.802,1,1,0.166,-0.678,yes
91,304.2,0.233,600.058,0.459,22.493,0.017,69.999,240,-34.757,199,2.555,22.726,175,-2.395,1,1,-0.744,0.198,yes
92,1340.277,0.408,930.05,0.283,37.06,0.011,-12.623,249,-119.128,199,2.13,-3.88,160,-2.955,0,0,-0.163,-0.469,yes
93,30.006,0.052,395.578,0.68,15.174,0.026,9.185,236,-74.078,199,2.25,-7.289,180,-3.515,1,0,-0.456,-0.128,yes
94,772.804,0.284,1477.554,0.544,55.2,0.02,3.177,249,-91.195,199,1.887,20.195,152,-2.37,0,3,-0.463,-0.267,yes
95,1274.619,0.433,1185.757,0.403,20.369,0.007,0.09,249,-108.602,199,2.174,-31.503,169,-2.57,0,0,-0.791,-0.469,yes
96,212.727,0.151,918.325,0.653,17.868,0.013,25.71,249,-67.547,199,1.865,36.388,170,-3.584,1,1,-1.186,-0.1,yes
97,828.703,0.341,933.624,0.384,23.56,0.01,-4.303,249,-112.073,199,2.155,-11.948,166,-3.034,0,0,-0.513,-0.362,yes
98,2354.719,0.336,3731.322,0.532,25.049,0.004,50.096,247,-154.689,199,4.266,31.553,149,-3.725,1,1,0.515,-0.945,yes
99,57.833,0.199,166.945,0.575,8.352,0.029,26.302,240,-37.503,199,1.556,7.11,173,-1.716,1,1,-0.117,-0.105,yes
100,175.323,0.278,338.677,0.537,5.076,0.008,15.81,249,-45.171,199,1.22,14.61,158,-1.458,1,1,-0.433,0.624,yes
101,6284.053,0.469,2890.671,0.216,35.298,0.003,-22.442,249,-200.558,199,3.562,-79.407,149,-2.423,0,0,-0.683,-0.617,yes
102,1234.936,0.372,973.589,0.293,14.88,0.004,-40.777,248,-143.298,199,2.092,-33.038,149,-2.205,0,0,0.707,-1.05,yes
103,713.052,0.409,520.656,0.299,27.937,0.016,17.023,249,-74.438,199,1.829,-6.703,149,-1.355,1,0,0.368,-1.107,yes
104,606.28,0.272,1278.013,0.572,27.047,0.012,12.173,249,-107.383,199,2.391,7.583,158,-2.804,1,1,-0.034,-0.562,yes
105,1013.358,0.371,1326.6,0.486,46.361,0.017,-20.488,248,-103.29,199,1.69,31.919,149,-2.704,0,1,0.242,-0.867,yes
106,850.061,0.382,790.233,0.356,46.2,0.021,-24.399,249,-92.295,199,1.358,8.275,170,-3.468,0,1,-0.015,-0.763,yes
107,1547.434,0.271,3300.447,0.578,93.414,0.016,37.802,247,-150.445,199,3.922,27.855,154,-3.962,1,3,1.677,-1.439,yes
108,1485.188,0.344,1712.832,0.397,9.686,0.002,-21.373,249,-154.629,199,2.665,-30.402,149,-2.485,0,0,-0.019,-0.413,yes
109,1459.337,0.3,2857.949,0.588,50.767,0.01,59.786,249,-137.649,199,3.949,-2.818,149,-2.697,1,0,-0.3,-0.287,yes
110,574.377,0.224,1647.911,0.642,16.576,0.006,37.683,249,-111.095,199,2.976,24.953,162,-3.677,1,1,1.535,-1.008,yes
111,191.427,0.219,559.261,0.64,5.249,0.006,32.638,232,-63.714,199,2.92,4.803,161,-1.803,1,1,0.266,-0.478,yes
112,503.09,0.313,746.047,0.465,22.11,0.014,39.392,249,-88.689,199,2.562,-14.674,149,-1.48,1,0,0.683,-1.209,yes
113,66.262,0.191,209.586,0.603,17.213,0.05,47.413,244,-28.263,199,1.682,34.591,174,-2.514,3,1,-0.398,0.255,yes
114,96.165,0.095,707.334,0.696,18.784,0.018,58.76,249,-79.171,199,2.759,25.886,177,-4.775,1,1,0.886,-0.584,yes
115,582.138,0.225,1845.204,0.715,26.391,0.01,25.109,249,-104.527,199,2.593,43.6,171,-5.29,1,1,0.072,-0.586,yes
116,111.795,0.148,531.756,0.704,11.51,0.015,51.325,238,-24.42,199,1.942,24.24,166,-1.475,1,1,1.458,-1.229,yes
117,4210.672,0.442,3002.632,0.315,31.709,0.003,-25.715,249,-196.059,199,3.407,-19.899,149,-3.523,0,0,-0.066,-0.454,yes
118,243.409,0.224,730.883,0.671,4.07,0.004,21.945,249,-65.007,199,1.739,23.906,168,-2.868,5,1,0.074,-0.566,yes
119,2534.333,0.4,2398.21,0.378,10.12,0.002,-11.626,249,-152.797,199,2.823,3.825,155,-3.56,0,1,-0.353,-0.292,yes
120,1086.721,0.331,1658.697,0.506,10.676,0.003,4.962,249,-125.674,199,2.613,8.061,156,-3.11,1,1,0.042,-0.363,yes
121,3928.324,0.458,2195.465,0.256,9.984,0.001,4.76,249,-156.523,199,3.226,-61.35,149,-1.903,1,0,-0.273,-0.514,yes
122,297.249,0.221,797.858,0.592,33.446,0.025,36.415,247,-85.022,199,2.53,8.676,160,-2.403,3,1,1.291,-1.2,yes
123,387.582,0.262,741.275,0.501,7.609,0.005,28.353,249,-85.639,199,2.28,5.711,174,-3.654,3,1,0.298,-0.787,yes
124,1190.048,0.283,2325.469,0.554,8.715,0.002,64.869,249,-124.899,199,3.795,-6.338,154,-2.635,1,0,1.369,-1.304,yes
125,1053.385,0.397,1084.632,0.409,31.785,0.012,58.307,239,-96.813,199,3.878,-50.219,183,-2.912,1,0,-0.124,-0.81,yes
126,31.664,0.052,339.685,0.559,18.846,0.031,59.185,219,-47.883,199,5.353,38.328,174,-3.448,1,1,0.655,-0.071,yes
127,114.992,0.095,889.87,0.738,18.446,0.015,31.524,249,-85.74,199,2.345,32.654,176,-5.148,1,1,0.798,-0.476,yes
128,2384.279,0.374,2328.352,0.366,19.769,0.003,21.821,241,-154.148,199,4.19,-10.817,149,-2.867,1,0,0.38,-1.125,yes
129,266.962,0.167,844.003,0.526,19.738,0.012,-11.576,249,-87.077,199,1.51,42.622,177,-5.895,0,1,-0.379,0.143,yes
130,541.599,0.25,1126.809,0.521,58.405,0.027,35.907,245,-115.434,199,3.29,12.987,149,-2.568,1,1,0.111,-0.71,yes
131,184.296,0.168,557.456,0.508,25.458,0.023,26.037,226,-98.779,199,4.623,-1.607,169,-3.239,1,0,1.424,-1.055,yes
132,7052.325,0.397,6511.24,0.367,39.765,0.002,-89.668,249,-293.57,199,4.078,11.384,162,-8.242,0,1,0.516,-0.659,yes
133,1791.511,0.389,1649.234,0.359,22.061,0.005,-31.075,249,-126.305,199,1.905,-20.271,181,-5.891,0,0,-0.016,-0.519,yes
134,29.559,0.069,337.472,0.791,7.877,0.018,49.805,231,-43.024,199,2.901,13.429,174,-2.258,1,1,1.08,0.234,yes
135,15.319,0.041,216.683,0.585,8.014,0.022,36.527,224,-56.937,199,3.739,15.635,180,-3.82,1,1,2.512,-0.325,yes
136,75.642,0.14,352.827,0.655,14.862,0.028,45.534,232,-54.871,199,3.043,4.985,175,-2.494,1,1,1.382,-0.907,yes
137,714.58,0.293,1377.73,0.564,15.574,0.006,38.84,249,-93.237,199,2.642,26.871,158,-2.929,1,1,0.036,-0.716,yes
138,42.173,0.096,240.684,0.547,11.23,0.026,28.415,220,-75.238,199,4.936,-3.654,183,-4.474,1,0,4.251,-0.6,yes
139,141.797,0.236,352.716,0.587,10.19,0.017,39.722,221,-52.355,199,4.185,-2.823,158,-1.208,1,0,-0.306,-0.406,yes
140,1291.758,0.282,2484.661,0.542,24.083,0.005,-29.372,235,-179.832,199,4.179,16.265,167,-6.128,0,1,2.731,-1.567,yes
141,46.269,0.067,540.133,0.782,17.797,0.026,50.769,233,-46.47,199,2.86,28.546,166,-2.273,1,1,-0.041,0.049,yes
142,1322.964,0.417,1091.065,0.344,44.903,0.014,85.619,249,-91.842,199,3.549,-23.91,167,-2.123,1,0,-0.178,-0.416,yes
143,132.867,0.104,969.392,0.756,29.906,0.023,52.784,249,-75.77,187,2.073,38.499,165,-5.194,1,1,2.617,-1.323,yes
144,578.858,0.301,810.528,0.422,146.448,0.076,27.218,249,-79.141,199,2.127,30.696,166,-3.328,1,1,0.168,-0.852,yes
145,308.953,0.309,496.437,0.497,13.586,0.014,53.509,245,-44.444,199,2.129,20.037,166,-1.954,1,1,-0.027,-0.271,yes
146,841.984,0.232,2218.961,0.611,80.25,0.022,22.112,239,-138.547,199,4.016,57.114,153,-4.253,1,1,-0.348,-0.553,yes
147,221.559,0.358,264.592,0.428,10.596,0.017,-1.796,249,-49.959,199,0.963,4.513,163,-1.513,0,1,-0.483,-0.062,yes
148,1698.829,0.244,4664.94,0.671,105.944,0.015,83.495,247,-186.796,199,5.631,13.212,149,-4.0,1,3,1.456,-1.278,yes
149,1956.914,0.345,2911.309,0.513,46.205,0.008,68.532,244,-156.63,199,5.004,-19.448,149,-2.744,1,0,1.257,-1.245,yes
150,1123.381,0.298,1983.528,0.527,86.649,0.023,29.311,249,-140.274,199,3.392,-17.707,159,-3.064,1,0,0.822,-0.547,yes
151,2046.637,0.443,1620.737,0.351,35.788,0.008,68.73,249,-109.949,199,3.574,-66.215,161,-1.151,1,0,-0.678,-0.614,yes
152,2738.472,0.391,2703.916,0.386,27.002,0.004,-18.764,249,-145.446,199,2.534,41.606,156,-4.35,0,1,0.777,-1.244,yes
153,238.678,0.18,830.488,0.627,30.411,0.023,46.446,247,-98.193,199,3.013,-1.984,181,-5.345,1,0,2.61,-1.089,yes
154,281.445,0.281,570.59,0.569,17.461,0.017,51.689,249,-46.175,199,1.957,4.864,161,-1.343,1,1,0.258,-0.58,yes
155,1986.672,0.41,1988.877,0.41,30.131,0.006,29.894,249,-129.636,199,3.191,-26.631,149,-2.06,1,0,-0.234,-0.775,yes
156,500.673,0.305,856.699,0.522,22.112,0.013,-31.329,214,-67.29,199,2.397,41.655,159,-2.724,0,1,-0.022,0.044,yes
157,2968.688,0.385,2822.637,0.366,77.164,0.01,-35.016,249,-166.798,199,2.636,-8.386,175,-6.601,0,0,0.055,-0.689,yes
158,525.664,0.313,987.61,0.587,22.626,0.013,21.128,242,-93.319,199,2.662,7.067,153,-2.182,3,1,-0.372,-0.473,yes
159,2640.688,0.458,2111.294,0.366,21.178,0.004,8.372,244,-114.127,199,2.722,-42.098,149,-1.441,1,0,-0.701,-0.186,yes
160,1692.646,0.394,1901.645,0.443,37.462,0.009,48.812,249,-100.537,199,2.987,-5.107,149,-1.909,1,0,-0.422,-0.246,yes
161,1033.973,0.347,1413.688,0.475,56.635,0.019,13.931,249,-123.076,199,2.74,-2.304,149,-2.415,1,0,0.64,-0.948,yes
162,913.848,0.305,1742.7,0.581,57.971,0.019,28.878,238,-107.461,199,3.496,-3.888,154,-2.302,1,0,-0.061,-0.768,yes
163,715.093,0.308,1297.271,0.56,12.106,0.005,41.791,249,-109.709,199,3.03,-4.538,149,-2.103,1,0,0.3,-0.592,yes
164,1230.863,0.334,1751.754,0.475,22.949,0.006,23.824,249,-127.02,199,3.017,14.664,164,-4.048,1,1,1.92,-1.4,yes
165,2555.138,0.348,3169.886,0.432,30.705,0.004,1.601,249,-183.388,199,3.7,0.415,154,-4.084,0,1,1.086,-1.297,yes
166,1186.721,0.394,1191.487,0.395,7.937,0.003,6.33,241,-123.288,199,3.086,-9.435,151,-2.372,1,0,-0.116,-0.706,yes
167,244.334,0.231,644.146,0.609,18.904,0.018,4.591,240,-87.316,199,2.242,7.246,167,-2.955,1,1,1.451,-1.191,yes
168,735.342,0.382,632.029,0.328,13.489,0.007,9.043,241,-84.463,199,2.226,-12.212,185,-5.161,1,0,-0.265,-0.408,yes
169,1679.334,0.393,1409.97,0.33,28.395,0.007,-28.36,249,-124.413,199,1.921,12.584,149,-2.74,0,1,0.201,-1.017,yes
170,2343.558,0.361,2911.745,0.449,37.682,0.006,44.18,249,-157.222,199,4.028,-31.918,154,-2.785,1,0,0.988,-1.254,yes
171,812.522,0.37,876.066,0.399,21.183,0.01,-8.979,249,-107.604,199,1.973,-12.561,153,-2.066,0,0,-0.221,-0.411,yes
172,196.501,0.229,534.173,0.622,7.496,0.009,37.034,246,-51.937,199,1.893,16.774,165,-2.021,1,1,-0.855,-0.136,yes
173,174.651,0.218,451.098,0.562,27.295,0.034,33.006,247,-48.534,199,1.699,28.085,150,-1.564,1,3,-0.541,0.108,yes
174,355.244,0.36,435.234,0.441,22.237,0.023,24.51,232,-51.269,199,2.296,20.322,156,-1.665,1,1,-0.276,-0.025,yes
175,1729.175,0.357,2014.636,0.416,35.548,0.007,-1.706,249,-149.952,199,2.965,-7.333,155,-3.241,0,0,1.467,-1.499,yes
176,943.387,0.327,742.842,0.257,47.01,0.016,-41.686,242,-115.902,199,1.726,12.796,186,-9.9,0,1,0.301,-0.813,yes
177,259.119,0.141,1219.515,0.664,88.244,0.048,29.652,249,-97.541,199,2.544,35.358,180,-6.995,1,1,1.373,-1.146,yes
178,1499.044,0.378,1729.743,0.436,44.448,0.011,-44.057,249,-106.34,199,1.246,-3.63,149,-2.054,0,0,-0.796,-0.377,yes
179,2074.823,0.401,2322.78,0.449,9.12,0.002,36.889,249,-118.552,181,2.286,35.432,133,-3.208,1,1,-0.329,-0.459,yes
180,2195.096,0.433,1655.139,0.326,14.135,0.003,-48.44,249,-139.529,199,1.822,21.825,149,-3.227,0,1,-0.112,-0.554,yes
181,568.678,0.296,973.472,0.507,24.13,0.013,-27.171,249,-82.354,199,1.104,16.05,164,-2.812,0,1,-0.344,0.416,yes
182,97.547,0.093,855.745,0.814,24.639,0.023,31.277,249,-82.624,199,2.278,2.324,154,-1.888,1,1,-0.824,-0.425,yes
183,60.563,0.105,373.555,0.649,7.495,0.013,7.557,220,-58.825,196,2.766,11.995,146,-1.416,1,3,-0.49,-0.29,no
184,139.393,0.177,371.738,0.472,30.409,0.039,53.885,235,-50.695,183,2.011,17.554,149,-2.007,1,1,-0.002,0.261,no
185,885.182,0.383,914.615,0.396,25.604,0.011,16.844,249,-81.651,185,1.539,43.865,135,-2.51,1,1,0.167,-1.005,no
186,216.046,0.193,527.096,0.471,25.787,0.023,16.57,231,-84.34,185,2.194,19.406,156,-3.577,3,1,1.017,-0.37,no
187,23.928,0.04,361.075,0.607,78.809,0.132,31.499,245,-53.755,182,1.353,33.812,156,-3.368,5,1,-0.436,0.054,no
188,71.109,0.147,231.623,0.478,46.923,0.097,31.387,245,-48.638,168,1.039,32.335,149,-4.262,5,1,-0.126,0.154,no
189,845.113,0.337,644.647,0.257,100.814,0.04,13.957,239,-90.622,180,1.773,24.527,135,-2.559,1,1,-0.729,-0.279,no
190,42.767,0.068,501.492,0.802,33.625,0.054,33.562,248,-51.447,197,1.667,45.848,161,-2.703,1,1,-0.608,-0.495,no
191,459.492,0.318,709.474,0.492,17.532,0.012,21.315,233,-65.509,191,2.067,15.879,161,-2.713,1,1,0.495,0.344,no
192,76.586,0.211,211.211,0.581,6.278,0.017,37.076,245,-32.763,185,1.164,-0.745,167,-1.779,1,0,-0.726,0.241,no
193,70.509,0.125,399.855,0.709,10.795,0.019,13.72,249,-67.557,199,1.626,27.137,159,-2.367,1,1,1.532,-0.932,no
194,43.728,0.092,354.252,0.748,15.775,0.033,21.345,232,-52.201,196,2.043,28.862,146,-1.621,1,1,-0.556,-0.239,no
195,244.266,0.248,584.898,0.593,43.434,0.044,-0.457,249,-87.676,198,1.71,28.909,148,-2.332,0,3,0.618,-0.759,no
196,58.704,0.122,339.08,0.706,11.354,0.024,10.566,238,-64.694,199,1.93,13.501,153,-1.7,1,1,1.983,-1.137,no
197,94.39,0.222,226.624,0.533,10.018,0.024,31.952,249,-30.01,171,0.794,2.304,135,-0.898,1,1,0.014,0.419,no
198,943.787,0.384,857.345,0.349,58.325,0.024,75.634,249,-57.522,178,1.875,63.774,132,-2.637,1,1,-0.615,0.095,no
199,18.097,0.059,183.422,0.601,20.481,0.067,14.509,244,-28.464,199,0.955,25.124,149,-1.072,1,3,-0.139,-0.205,no
200,226.445,0.212,656.746,0.616,16.071,0.015,18.026,249,-46.422,199,1.289,52.853,155,-2.256,1,1,-0.493,0.33,no
201,208.986,0.211,641.194,0.647,19.345,0.02,5.794,244,-84.088,184,1.498,20.651,151,-3.174,1,1,1.733,-1.279,no
202,1276.46,0.435,877.115,0.299,57.476,0.02,-22.378,241,-94.139,169,0.997,68.782,122,-3.466,0,1,-0.667,-0.632,no
203,63.406,0.332,22.064,0.116,10.996,0.058,-4.517,249,-36.627,188,0.526,-19.805,148,-0.421,0,0,0.09,0.794,no
204,15.928,0.04,71.548,0.182,264.396,0.671,25.24,227,-30.79,189,1.474,37.228,166,-2.957,5,3,-0.07,0.11,no
205,341.727,0.424,208.847,0.259,38.656,0.048,10.324,227,-53.573,181,1.389,3.587,131,-1.143,1,1,-0.142,-0.178,no
206,610.402,0.405,452.339,0.3,21.223,0.014,14.217,245,-68.209,199,1.792,-20.143,164,-1.373,3,0,-0.066,-0.896,no
207,36.005,0.081,161.222,0.361,173.706,0.389,35.711,221,-49.394,184,2.3,35.417,141,-1.972,1,5,-0.421,-0.26,no
208,75.285,0.14,218.22,0.406,11.74,0.022,23.22,248,-73.69,190,1.671,21.62,172,-5.295,3,1,1.534,-0.715,no
209,370.113,0.321,424.375,0.368,14.627,0.013,-3.516,240,-60.057,199,1.379,-0.295,149,-1.195,0,0,2.258,-1.301,no
210,88.53,0.289,134.545,0.439,8.972,0.029,14.09,241,-22.271,179,0.586,11.967,129,-0.685,3,1,-1.076,-0.002,no
211,765.667,0.463,382.828,0.232,28.65,0.017,13.033,236,-77.718,157,1.149,6.224,126,-2.708,1,1,-0.322,-0.742,no
212,394.473,0.255,937.193,0.605,25.313,0.016,30.487,249,-81.611,193,2.002,49.005,143,-2.612,1,1,-0.087,-0.504,no
213,169.86,0.246,117.18,0.17,102.314,0.148,30.403,236,-63.553,183,1.773,19.077,147,-2.295,9,5,-0.256,-0.422,no
214,175.157,0.272,251.932,0.392,49.578,0.077,7.839,242,-73.816,189,1.541,-0.433,146,-1.707,3,0,0.943,-0.578,no
215,976.655,0.423,1010.192,0.438,34.651,0.015,21.171,249,-76.511,199,1.954,-6.854,150,-1.422,1,0,-0.678,-0.674,no
216,1515.628,0.42,1077.562,0.299,12.699,0.004,-19.354,249,-102.648,188,1.365,-29.462,155,-2.218,0,0,-0.134,-0.676,no
217,888.397,0.3,1479.441,0.499,79.955,0.027,35.091,239,-103.666,191,2.891,12.22,160,-3.738,1,1,1.197,-1.032,no
218,981.917,0.396,672.95,0.272,75.749,0.031,-29.403,217,-97.362,196,3.236,0.957,146,-1.966,0,1,-0.574,-0.42,no
219,243.264,0.166,1003.71,0.686,57.906,0.04,31.279,249,-91.493,182,1.832,57.26,134,-3.099,1,1,0.445,-0.531,no
220,13.565,0.011,1015.018,0.799,141.936,0.112,64.014,234,-78.283,193,3.471,38.569,163,-3.895,1,1,0.495,-0.191,no
221,21.912,0.032,438.252,0.649,28.86,0.043,39.51,228,-37.768,199,2.665,66.098,166,-3.147,1,1,-0.001,0.644,no
222,385.046,0.22,924.902,0.529,90.839,0.052,49.503,243,-91.69,177,2.139,59.472,146,-4.876,3,1,0.869,-0.767,no
223,17.295,0.032,83.796,0.153,311.079,0.567,33.087,200,-56.622,165,2.563,35.315,138,-3.405,3,3,-0.437,-0.204,no
224,226.789,0.19,710.77,0.595,50.761,0.042,9.482,216,-81.689,186,3.039,45.535,147,-3.262,1,1,1.18,-0.97,no
225,76.984,0.102,260.748,0.346,140.601,0.186,21.86,200,-66.445,168,2.76,36.568,150,-5.723,1,1,1.071,0.249,no
226,1148.06,0.353,1286.042,0.395,80.013,0.025,-21.682,249,-134.596,180,1.636,12.426,144,-4.084,0,1,0.507,-0.729,no
227,2341.392,0.406,2132.699,0.37,35.391,0.006,-10.526,248,-139.084,152,1.339,108.173,117,-7.064,2,1,-0.686,-0.554,no
228,940.641,0.369,1208.36,0.474,74.778,0.029,79.123,242,-75.953,196,3.371,21.536,146,-1.95,1,1,-0.969,0.188,no
229,678.043,0.284,1330.225,0.557,41.795,0.018,5.961,249,-106.312,199,2.245,40.244,155,-3.331,1,1,-0.34,-0.855,no
230,1402.948,0.379,1909.767,0.516,57.249,0.015,23.028,249,-80.887,176,1.423,78.224,133,-3.7,1,3,-0.801,-0.338,no
231,311.898,0.318,138.221,0.141,40.943,0.042,4.493,232,-88.594,153,1.178,-6.904,134,-4.299,3,0,-0.1,-0.347,no
232,3405.884,0.356,4587.738,0.48,30.184,0.003,47.337,243,-214.026,170,3.58,64.965,127,-6.488,1,1,1.184,-1.444,no
233,257.068,0.22,118.605,0.102,506.908,0.434,32.19,207,-88.172,195,10.03,17.642,148,-2.251,1,5,1.269,-1.089,no
234,61.943,0.088,206.193,0.294,25.076,0.036,28.151,221,-49.85,189,2.438,33.035,169,-4.144,1,1,-0.776,-0.282,no
235,42.557,0.12,242.216,0.682,17.526,0.049,22.408,244,-42.29,178,0.98,31.165,129,-1.499,1,1,-0.561,-0.077,no
236,124.728,0.129,392.307,0.405,119.714,0.124,9.383,203,-122.818,172,4.265,2.165,139,-3.787,1,1,1.41,-0.681,no
237,498.239,0.317,629.688,0.401,65.629,0.042,26.77,249,-75.224,184,1.569,-9.369,134,-1.317,3,0,0.118,-0.814,no
238,255.061,0.285,227.401,0.254,247.254,0.276,30.769,234,-63.2,190,2.136,22.919,141,-1.758,3,1,0.128,-0.845,no
239,256.643,0.275,339.088,0.364,32.34,0.035,26.763,239,-44.947,173,1.087,36.794,137,-2.271,1,5,-0.025,-0.623,no
240,154.061,0.144,626.301,0.586,43.631,0.041,55.344,243,-64.501,167,1.577,47.473,150,-6.587,1,1,-0.121,-0.51,no
241,599.067,0.215,1818.493,0.652,33.497,0.012,29.153,247,-101.948,184,2.081,57.836,142,-3.804,1,1,-0.788,0.085,no
242,882.28,0.154,4266.134,0.744,34.397,0.006,91.522,249,-119.6,196,3.983,100.801,146,-4.408,1,1,-1.071,0.21,no
243,291.084,0.167,1138.951,0.654,45.229,0.026,6.697,224,-89.796,191,2.924,42.398,169,-6.009,1,1,-0.396,-0.29,no
244,17.475,0.023,607.743,0.805,36.687,0.049,34.861,237,-40.037,199,1.971,14.471,149,-1.09,1,1,0.067,0.42,no
245,97.339,0.305,96.162,0.301,50.238,0.157,7.449,240,-42.506,181,0.847,16.008,131,-1.17,1,3,-0.515,0.271,no
246,293.986,0.263,507.469,0.454,128.721,0.115,46.891,241,-36.815,186,1.522,37.765,136,-1.492,3,5,0.905,-1.147,no
247,914.353,0.404,573.085,0.253,71.45,0.032,-1.777,247,-95.198,197,1.868,-19.615,147,-1.512,0,0,0.123,-0.43,no
248,611.576,0.302,908.121,0.449,54.614,0.027,19.797,249,-112.021,179,1.883,28.571,150,-4.848,1,1,1.641,-1.292,no
249,50.611,0.103,352.32,0.715,10.443,0.021,20.741,226,-49.722,195,2.273,28.734,145,-1.569,1,1,-0.133,-0.814,no
250,2605.6,0.419,1727.778,0.278,66.569,0.011,2.124,249,-139.204,196,2.667,-15.463,146,-2.475,0,0,0.23,-0.977,no
251,10.823,0.017,357.367,0.569,31.0,0.049,22.731,234,-94.872,197,3.178,17.993,165,-3.527,1,1,7.138,-1.933,no
252,64.918,0.087,331.317,0.443,92.178,0.123,27.163,203,-67.28,183,4.722,21.943,133,-1.784,1,3,-0.137,-0.58,no
253,12.261,0.012,830.248,0.783,18.702,0.018,43.437,220,-57.204,198,4.575,75.518,165,-4.022,1,1,1.161,-0.241,no
254,233.169,0.26,391.453,0.437,12.546,0.014,24.943,246,-49.78,160,0.869,68.799,123,-3.205,3,1,0.043,-0.225,no
255,444.487,0.258,764.224,0.443,45.063,0.026,13.576,221,-88.986,184,2.772,40.673,166,-7.203,1,1,0.836,-1.19,no
256,68.578,0.072,742.213,0.779,16.506,0.017,38.593,222,-65.545,186,2.893,30.935,137,-1.969,1,1,-0.089,-0.555,no
257,112.57,0.234,281.383,0.585,5.028,0.01,17.484,246,-27.993,184,0.734,41.197,155,-2.386,1,1,-0.903,0.067,no
258,132.755,0.164,456.896,0.564,3.391,0.004,32.701,242,-59.74,195,1.967,15.052,145,-1.496,1,1,1.37,-1.112,no
259,18.888,0.019,746.242,0.746,12.669,0.013,35.884,229,-32.977,199,2.295,45.959,169,-2.631,1,1,5.294,-1.511,no
260,25.44,0.036,574.467,0.808,20.097,0.028,9.592,231,-81.72,195,2.536,35.981,159,-3.269,3,1,1.31,-0.68,no
261,177.718,0.258,172.114,0.25,27.35,0.04,10.872,238,-69.892,198,2.019,-6.78,153,-1.402,3,0,-0.233,0.238,no
262,165.928,0.07,1811.301,0.761,31.399,0.013,92.273,244,-81.781,181,2.763,55.921,148,-4.173,1,1,-0.35,-0.365,no
263,22.254,0.024,707.018,0.77,82.182,0.09,31.667,234,-75.498,199,3.062,47.174,172,-4.543,1,1,2.096,-0.895,no
264,154.15,0.368,85.204,0.203,9.206,0.022,4.883,249,-43.374,161,0.548,-4.666,123,-1.019,1,0,-0.493,-0.338,no
265,45.807,0.188,70.233,0.288,12.901,0.053,-10.462,218,-31.711,152,0.322,-8.898,108,-0.518,0,0,-0.531,-0.034,no
266,56.608,0.282,40.455,0.202,9.723,0.048,5.522,249,-41.255,188,0.767,-15.303,155,-0.786,3,0,1.714,0.827,no
267,90.097,0.08,865.798,0.769,58.426,0.052,18.735,242,-56.67,199,1.754,62.183,169,-3.962,3,1,-0.213,-0.108,no
268,969.92,0.409,532.516,0.225,31.531,0.013,11.677,249,-85.162,199,1.937,-39.899,149,-0.905,1,0,-0.714,-0.599,no
269,1219.93,0.388,775.918,0.247,31.84,0.01,-58.002,228,-106.797,184,1.109,-5.366,152,-3.17,0,0,-0.816,-0.348,no
270,574.002,0.369,705.048,0.453,33.682,0.022,37.598,239,-66.443,183,1.858,39.388,152,-3.414,1,1,0.268,-0.721,no
271,750.77,0.47,290.038,0.182,36.138,0.023,10.812,249,-67.366,150,0.79,-3.907,113,-1.715,1,0,-1.212,0.076,no
272,1193.156,0.463,344.81,0.134,15.952,0.006,0.697,248,-85.748,184,1.351,-43.0,134,-0.855,1,0,-0.934,-0.452,no
273,261.817,0.368,82.682,0.116,11.732,0.016,-20.336,221,-57.568,163,0.642,-7.327,119,-1.142,0,0,-0.819,0.097,no
274,1648.154,0.424,354.429,0.091,20.614,0.005,-36.813,249,-117.46,170,1.021,-45.603,120,-1.437,0,0,-1.368,-0.337,no
275,313.35,0.301,116.738,0.112,8.457,0.008,-27.901,244,-73.973,196,0.96,-23.635,163,-1.525,0,0,-1.042,0.418,no
276,4004.38,0.387,536.003,0.052,208.088,0.02,-120.017,247,-208.988,191,1.589,-82.857,149,-3.003,0,0,-0.808,0.273,no
277,2207.922,0.438,1575.563,0.312,31.18,0.006,31.881,249,-123.902,166,1.877,23.907,125,-3.605,1,1,-0.077,-1.109,no
278,315.447,0.415,149.41,0.197,18.554,0.024,-21.846,221,-55.987,155,0.517,-0.97,106,-1.123,0,0,-0.519,0.029,no
279,90.574,0.206,145.987,0.332,4.151,0.009,-21.279,249,-40.191,199,0.378,7.617,158,-1.166,0,3,0.147,0.762,no
280,127.589,0.267,301.794,0.632,3.63,0.008,15.255,237,-43.722,194,1.372,17.752,154,-1.537,1,3,-0.62,0.031,no
281,73.155,0.273,64.509,0.241,7.707,0.029,-3.442,242,-31.037,197,0.613,-0.128,186,-2.81,0,0,-0.537,0.61,no
282,236.472,0.27,169.671,0.194,1.907,0.002,-11.029,241,-68.671,199,1.372,-24.877,158,-1.068,0,0,-0.522,0.358,no
283,412.12,0.385,300.532,0.281,34.479,0.032,-1.215,245,-47.676,199,1.01,-6.712,153,-0.891,0,0,-0.918,-0.395,no
284,169.777,0.264,320.544,0.499,8.01,0.012,-6.379,249,-55.015,199,0.973,-12.43,149,-0.852,0,0,-0.139,0.113,no
285,186.774,0.288,267.158,0.412,4.74,0.007,-35.012,240,-46.894,191,0.242,2.332,141,-0.985,0,1,-1.083,0.0,no
286,648.831,0.34,779.884,0.409,10.071,0.005,-28.485,249,-85.056,199,1.131,11.122,149,-1.924,0,1,0.373,-1.086,no
287,98.182,0.103,677.747,0.71,39.989,0.042,20.988,235,-72.723,199,2.603,34.47,154,-2.382,1,1,-0.446,-0.736,no
288,1010.264,0.325,1656.636,0.534,39.448,0.013,21.99,249,-109.051,190,2.221,36.578,160,-4.854,1,1,0.345,-0.905,no
289,48.192,0.073,383.373,0.582,25.79,0.039,23.719,249,-59.686,199,1.668,44.219,165,-3.056,5,1,-1.18,-0.247,no
290,63.121,0.085,551.131,0.742,12.07,0.016,16.574,249,-59.403,195,1.407,52.519,148,-2.381,3,1,0.038,0.198,no
291,1092.613,0.433,671.185,0.266,6.791,0.003,-28.717,236,-80.207,182,0.954,35.147,132,-2.307,0,1,-1.022,0.412,no
292,2.357,0.005,262.382,0.535,16.979,0.035,40.852,222,-53.205,197,3.762,40.114,172,-3.733,1,1,0.217,-0.058,no
293,356.204,0.361,226.784,0.23,13.666,0.014,-2.105,245,-53.039,199,1.107,14.316,166,-2.041,0,1,-0.449,-0.655,no
294,723.637,0.432,493.046,0.294,8.481,0.005,-34.214,249,-70.049,199,0.717,-22.319,180,-2.512,0,0,0.19,-0.809,no
295,52.339,0.081,517.068,0.799,6.371,0.01,49.272,249,-26.599,192,1.331,13.607,170,-1.828,1,1,-0.41,0.155,no
296,541.69,0.426,331.555,0.261,7.713,0.006,-13.106,241,-87.062,180,1.212,-32.911,130,-1.083,0,0,-0.429,0.066,no
297,100.317,0.176,320.147,0.562,14.732,0.026,17.445,219,-60.644,191,2.789,24.955,160,-2.761,1,1,-0.716,-0.229,no
298,37.913,0.148,87.794,0.342,85.632,0.334,50.879,239,-21.394,161,0.927,3.768,126,-0.719,7,3,1.22,0.657,no
299,209.419,0.327,302.74,0.473,5.251,0.008,11.156,249,-29.161,199,0.806,19.008,171,-1.72,3,1,-0.616,-0.238,no
300,68.746,0.207,67.021,0.202,33.456,0.101,-25.62,249,-45.54,161,0.226,-30.523,141,-0.751,2,0,-0.664,0.72,no
301,1269.377,0.451,1018.521,0.362,14.961,0.005,-1.534,249,-100.241,185,1.542,17.019,135,-2.345,0,1,-0.425,-0.611,no
302,740.028,0.345,949.848,0.443,17.642,0.008,47.802,246,-92.124,180,2.12,34.206,134,-2.746,1,1,0.325,-1.051,no
303,629.379,0.366,752.926,0.438,14.46,0.008,46.002,248,-70.823,179,1.693,8.552,142,-2.145,1,1,-1.265,-0.007,no
304,195.933,0.283,157.429,0.227,9.029,0.013,-38.437,208,-53.618,195,1.168,-10.045,172,-1.894,0,0,-0.781,0.109,no
305,154.599,0.193,281.738,0.352,38.296,0.048,-0.576,220,-87.732,199,4.15,-27.251,156,-1.407,0,0,0.4,-0.43,no
306,12.272,0.039,145.672,0.462,23.66,0.075,1.258,207,-47.917,191,3.073,29.096,175,-4.813,0,1,0.506,0.282,no
307,363.186,0.232,540.411,0.345,45.465,0.029,-0.004,224,-90.609,170,1.678,50.223,148,-6.401,2,1,0.367,-0.825,no
308,330.291,0.262,429.745,0.341,46.065,0.037,10.633,241,-92.669,195,2.246,3.387,151,-2.183,1,1,-0.111,0.292,no
309,318.276,0.229,778.91,0.559,33.825,0.024,34.293,249,-74.067,196,2.045,52.73,147,-2.588,1,1,0.263,-0.728,no
310,274.448,0.175,910.278,0.581,34.885,0.022,48.223,237,-87.3,186,2.657,39.635,137,-2.591,1,1,0.4,-0.467,no
311,21.508,0.087,124.104,0.502,13.298,0.054,35.809,249,-36.691,189,1.208,17.909,139,-1.092,5,3,-0.433,0.135,no
312,47.768,0.14,132.081,0.386,69.05,0.202,11.833,240,-51.294,181,1.07,15.237,132,-1.358,3,3,0.111,-0.003,no
313,89.34,0.055,1374.387,0.846,17.691,0.011,64.993,247,-53.33,185,1.908,69.037,147,-3.22,1,1,-0.73,-0.202,no
314,956.472,0.384,902.33,0.362,19.43,0.008,-12.015,249,-129.1,183,1.774,1.865,133,-2.619,0,1,-0.576,-0.451,no
315,245.259,0.305,383.633,0.478,48.392,0.06,-0.496,249,-70.899,199,1.408,4.273,149,-1.503,0,1,0.369,-0.701,no
316,674.437,0.433,549.485,0.353,18.567,0.012,11.258,249,-55.016,166,0.798,49.697,120,-2.276,1,1,-1.376,-0.066,no
317,2.937,0.008,272.277,0.766,12.115,0.034,33.123,249,-6.423,198,0.775,38.211,161,-1.206,1,1,-0.552,0.269,no
318,188.918,0.272,418.727,0.602,10.293,0.015,20.289,249,-59.445,174,1.063,21.691,124,-1.623,3,3,1.72,-1.3,no
319,68.355,0.115,395.922,0.665,14.167,0.024,7.034,249,-60.889,194,1.235,41.476,149,-2.275,3,1,0.005,-0.512,no
320,43.796,0.109,174.778,0.435,41.313,0.103,18.666,217,-41.297,180,1.621,27.704,159,-3.286,1,1,-0.1,-0.171,no
321,60.217,0.215,128.481,0.459,46.929,0.168,15.813,240,-41.619,183,1.008,14.687,157,-2.166,3,1,-0.338,-0.033,no
322,111.36,0.187,304.523,0.512,18.221,0.031,43.935,220,-37.559,150,1.164,8.841,104,-1.009,3,1,-0.072,0.416,no
323,1.883,0.008,89.407,0.375,111.497,0.467,28.708,220,-46.466,197,3.268,28.367,171,-2.878,3,1,0.022,-0.01,no
324,368.26,0.415,209.32,0.236,25.899,0.029,-7.993,245,-61.341,174,0.751,7.203,138,-1.904,0,1,0.223,-0.36,no
325,24.22,0.096,150.383,0.596,19.293,0.077,13.33,245,-26.353,187,0.684,20.494,169,-2.603,1,1,0.1,0.487,no
326,20.249,0.074,202.229,0.742,11.823,0.043,6.345,248,-44.715,199,1.042,10.778,158,-1.353,3,1,-0.496,-0.291,no
327,138.885,0.277,268.182,0.535,29.256,0.058,26.594,246,-44.183,179,1.056,16.655,136,-1.415,3,1,-0.237,-0.207,no
328,143.309,0.232,356.413,0.576,19.921,0.032,17.106,237,-37.131,199,1.427,13.717,164,-1.453,1,1,0.65,-1.008,no
329,56.898,0.275,40.321,0.195,11.258,0.054,-4.138,242,-38.141,163,0.43,-10.528,113,-0.552,0,0,0.192,0.548,no
330,180.455,0.276,307.738,0.471,20.073,0.031,16.424,249,-58.065,181,1.095,6.554,135,-1.405,1,1,-0.144,-0.368,no
331,158.448,0.301,282.481,0.537,15.221,0.029,28.778,249,-41.658,166,0.849,25.474,135,-2.166,1,1,-0.712,-0.128,no
332,173.152,0.344,190.093,0.378,36.706,0.073,18.12,249,-48.519,191,1.149,20.672,141,-1.384,1,3,-0.292,-0.534,no
333,181.411,0.182,644.179,0.645,42.762,0.043,62.764,238,-47.087,176,1.772,35.952,141,-2.373,3,1,-0.545,0.07,no
334,220.475,0.166,801.346,0.603,42.391,0.032,-26.399,209,-58.366,185,1.332,0.771,135,-1.183,0,1,-0.313,-0.613,no
335,29.428,0.105,118.138,0.423,11.504,0.041,3.878,248,-39.776,199,0.891,14.42,167,-1.694,1,1,-0.119,-0.046,no
336,147.87,0.295,156.573,0.312,31.72,0.063,17.125,247,-61.255,194,1.479,-0.322,155,-1.562,3,0,-0.394,-0.108,no
337,233.042,0.357,303.045,0.465,22.79,0.035,6.35,224,-52.383,173,1.152,22.026,123,-1.488,1,1,-0.952,0.303,no
338,400.8,0.279,881.43,0.614,30.198,0.021,12.464,247,-70.919,193,1.544,15.965,147,-1.889,3,1,-0.403,-0.168,no
339,216.597,0.138,1209.231,0.77,52.074,0.033,49.041,249,-86.221,172,1.757,35.652,146,-4.687,1,1,-0.067,-0.542,no
340,302.211,0.225,812.963,0.606,22.257,0.017,31.124,248,-67.461,194,1.826,27.655,145,-1.941,1,1,0.221,-0.898,no
341,54.297,0.092,478.172,0.806,12.094,0.02,46.063,245,-47.35,179,1.415,27.085,139,-1.861,3,1,-0.384,-0.354,no
342,1459.987,0.397,404.103,0.11,43.973,0.012,-12.434,239,-116.067,199,2.591,-21.401,195,-23.667,0,0,-0.342,0.264,no
343,131.415,0.122,839.798,0.779,13.231,0.012,22.202,248,-89.552,185,1.774,43.392,145,-3.324,3,1,1.944,-1.146,no
344,326.353,0.39,304.117,0.364,24.389,0.029,11.698,248,-44.888,187,0.928,8.111,137,-1.06,1,3,0.073,-0.822,no
345,358.923,0.468,178.12,0.232,5.5,0.007,-5.39,249,-39.888,174,0.46,26.698,124,-1.332,0,1,-0.93,-0.429,no
346,1649.795,0.481,708.042,0.206,45.54,0.013,-46.465,248,-122.842,199,1.559,-9.002,150,-2.323,0,0,-0.794,-0.471,no
347,3901.399,0.483,2115.611,0.262,23.152,0.003,-7.387,249,-120.16,177,1.566,67.194,128,-3.824,0,1,-0.94,-0.543,no
348,307.267,0.354,208.476,0.24,38.276,0.044,5.776,249,-82.521,186,1.402,-4.479,158,-2.787,5,0,0.209,-0.379,no
349,88.761,0.241,153.062,0.416,24.608,0.067,23.03,220,-40.766,177,1.484,0.813,143,-1.223,1,3,-1.021,-0.16,no
350,83.465,0.246,64.219,0.189,76.0,0.224,10.225,224,-45.25,193,1.79,15.576,180,-4.679,1,1,0.956,-0.563,no
351,340.976,0.435,204.413,0.261,10.675,0.014,-21.113,213,-47.953,189,1.118,0.266,146,-1.121,0,1,-0.67,-0.409,no
352,49.868,0.197,124.534,0.491,17.656,0.07,22.494,228,-38.255,193,1.736,0.658,150,-0.905,1,1,-0.16,0.08,no
353,64.672,0.265,54.998,0.226,39.303,0.161,-0.726,239,-55.807,183,0.984,-1.879,133,-1.079,0,0,-0.201,-0.052,no
354,408.001,0.38,318.333,0.296,10.802,0.01,-13.113,249,-81.518,186,1.086,-12.373,151,-1.976,0,0,0.301,-0.789,no
355,191.054,0.336,312.675,0.551,10.818,0.019,10.659,246,-46.485,155,0.628,31.325,124,-2.51,3,1,-0.556,-0.194,no
356,174.096,0.348,86.928,0.174,7.892,0.016,-10.475,229,-57.191,176,0.881,-26.447,160,-1.922,0,0,-0.605,-0.176,no
357,450.595,0.372,323.443,0.267,42.194,0.035,-1.979,249,-50.274,150,0.488,15.193,100,-1.309,0,1,-0.537,-0.266,no
358,604.697,0.399,354.341,0.234,19.532,0.013,-12.849,248,-87.545,184,1.167,-9.772,134,-1.555,0,0,0.075,0.576,no
359,467.596,0.304,221.774,0.144,12.28,0.008,-55.45,217,-95.805,190,1.495,-33.323,169,-2.975,0,0,-1.005,-0.173,no
360,994.839,0.444,459.579,0.205,6.368,0.003,-34.101,249,-100.403,186,1.052,-25.231,145,-1.833,0,0,-0.409,-0.709,no
361,109.145,0.324,122.635,0.364,18.314,0.054,16.163,249,-38.303,199,1.089,-1.991,160,-0.931,3,0,0.825,0.238,no
362,178.57,0.203,606.883,0.691,8.052,0.009,44.969,249,-60.958,199,2.119,-34.88,150,-0.532,1,0,0.344,0.234,no
363,561.67,0.361,615.311,0.395,17.907,0.011,-2.074,249,-92.94,178,1.28,-11.062,143,-2.339,0,0,-0.04,-0.842,no
364,160.454,0.376,143.571,0.336,9.464,0.022,2.417,249,-33.265,179,0.51,6.782,149,-1.335,1,1,-0.382,-0.446,no
365,621.595,0.403,452.079,0.293,3.733,0.002,3.253,249,-82.384,188,1.404,-21.025,154,-1.805,0,0,-0.322,-0.854,no
